"id","name","type","parent_id","add","description","lang"
"1","САЛАТИ","menu item","0",,"грам/гривна","ua"
"1","INSALATE","menu item","0",,"g./uah","it"
"1","SALADS","menu item","0",,"g./uah","en"
"2","Ді маре","name serves","1","250/75,00","Кальмари, креветки, мідії, з морквою та солодким перцем. Під заправкою з олії, білого вина. З часником.  За Вашим бажанням подається гарячим чи холодним","ua"
"2","Di mare","name serves","1","250/75,00","Calamari gamberetti, cozze, carote e peperoni alla Julienne. Servita calda o fredda a vostro piacere.","it"
"2","Di mare","name serves","1","250/75,00","Squids, shrimps, mussels, carrots and sweet peppers.Served hot or cold on our wish","en"
"3","Грецький","name serves","1","250/54,00","Огірок, солодкий перець, помідор, сир Фета, маслини, орегано, олія ","ua"
"3","Greca","name serves","1","250/54,00","Cetrioli, pepperoni dolci, olive e feta condita con olio e origano.","it"
"3","Greece","name serves","1","250/54,00","Cucumbers, sweet peppers, tomatoes, Feta cheese, black olives ","en"
"4","Компаньйола","name serves","1","280/42,00","Огірок, помідор, болгарський перець, за Вашим бажанням з цибулею чи без,  рослинна олія або майонез","ua"
"4","Compagniola ","name serves","1","280/42,00","Cetrioli, pomodori, pepperoni dolci e cipola, condita con olio e origano.","it"
"4","Compagniola ","name serves","1","280/42,00","Cucumbers, tomatoes and sweet peppers, onion. Served with oil or mayonnaise.","en"
"5","Цезар","name serves","1","250/72,00","Філе курки та королівська шинка. З сирами :Рокфор, Пармезан. Листя Айсбергу, помідори, часникові грінки та соус з майонезу, сиру та анчоусів ","ua"
"5","Cesare","name serves","1","250/72,00","pollò e prosciutto cotto saltati in padella insalata e pomodori Condita con una salsa dose di maionese, Rokfort, (Parmigiano e acciughe e accompagnata da crostine di pane","it"
"5","Cezar","name serves","1","250/72,00","Pan fried sliced chicken and ham with salad leaves and tomatoes served with small pieces of toasted bread with oil and garlic, and a rokfort, parmesan, anchiovies and mayonnaise dressing,","en"
"6","Тутто","name serves","1","250/61,00","Салат з помідорів, огірків, солодкого перцю, салатних листків, сиру моцарелла та шинкою. За Вашим бажанням подається або з олією, або з майонезом","ua"
"6","Tutto","name serves","1","250/61,00","pomodori, cetrioli peperoni lattuga, Mozzarella e prosciutto cotto. Condita, a vostra scelta, con    olio o con maionese.","it"
"6","Tutto","name serves","1","250/61,00","Tomatoes, cucumbers, sweet peppers, salad leaves, mozzarella cheese, ham. Served with oil or mayonnaise.","en"
"7","Гамберетти","name serves","1","250/95","Лола-росса та Руккола з коктейльними креветками, в`яленими помідорами","ua"
"7","Gamberetti","name serves","1","250/95","aisberg con lola-rosso, ruccola e gamberetti","it"
"7","Gamberetti ","name serves","1","250/95","salad leaves  with dijohn mustard, orange juice, shrimps, dried tomatoes","en"
"8","М`ясний","name serves","1","250/55,00","Підсмажені шматочки курячого філе з зеленим горошком, картоплею, свіж. та маринованоми огірками, перепелиними яйцями під майонезним соусом ","ua"
"8","Di carne","name serves","1","250/55,00","Filetto di pollo ai ferri, piselli patate, cetrioli uova di quaglia. Condita con maionese","it"
"8","Di carne","name serves","1","250/55,00","Fried slices of chiken fillet, green peas, potatoes, cucumbers, quails eggs. Served with mayonnaise.","en"
"9","Нісуаз   ","name serves","1","250/55,00","Тунець, сир, яйця, листя салату, помідори, квасоля та маслини. Заправляється рослинною олією та орегано.","ua"
"9","Nicoisè  ","name serves","1","250/55,00","Tonno, formaggio, uova, lattuga, pomodori. Condita con oglio e origano,","it"
"9","Nicoise  ","name serves","1","250/55,00","Tuna, Feta cheese, eggs, salad leaves, tomatoes, beans and olives. Served with oil and basil dressing.","en"
"10","Капрезе ","name serves","1","250/56,00","Свіжі помідори та сир моцарелла, заправляються рослинним маслом, орегано","ua"
"10","Caprese ","name serves","1","250/56,00","pomodori fresclii Mozzarella. Condita con olio extravergine doliva e origano.","it"
"10","Caprese ","name serves","1","250/56,00","Tomatoes, mozzarella cheese. Served with oil and basil dressing.","en"
"11","Норка їжачка","name serves","1","240/55,00","Смажені печериці та філе курки з відварним яйцем та сиром","ua"
"11","Tana di riccio ","name serves","1","240/55,00","Funghi champignons con pollo. Con uovo e formagio","it"
"11","Tana di riccio ","name serves","1","240/55,00","mashrooms with chiken,  eggs and cheese  ","en"
"12","Ді фегато фламбе","name serves","1","300/50,00","Зелене яблуко з яйцем, виноградом та печінкою індички фламбованою коньяком","ua"
"12","Di fegato Flambe ","name serves","1","300/50,00","mela, uovo, uvo,, feghato di tachino flambe. Con olio","it"
"12","Di fegato Flambe ","name serves","1","300/50,00","apple with, eggs, grapes and flambe turkey liver","en"
"13","Ал вітелло кальдо","name serves","1","220/61,00","Листя салату, морква, філе телятини, помідори та горіховий соус","ua"
"13","Al vitello caldo ","name serves","1","220/61,00","Insalata, carota filetto di vitello, pomodori con salsa di noce","it"
"13","Al vitello caldo ","name serves","1","220/61,00","salad, tomatoes, carrots, veal fillet","en"
"14","Ал Сальмоне кон піноллі","name serves","1","250/98,00","Листя салатів Айсберг та Лола-росса, під сумішшю з олії,  діжонськой гірчиці та фрешу з помаранчу. З кедровим горішками та слабо соленим лососем","ua"
"14","Al salmone con pinolli ","name serves","1","250/98,00","Insalata aisberg con lola-rosso, pinolli,salmone afumikato","it"
"14","Al salmone con pinolli ","name serves","1","250/98,00","salads with mustard, orange juice, light salted salmon cedar nuts ","en"
"15","ХОЛОДНІ ЗАКУСКИ","menu item","0",,"грам/гривна","ua"
"15","ANTIPASTI FREDDI ","menu item","0",,"g./uah","it"
"15","COLDSTARTERS","menu item","0",,"g./uah","en"
"16","Карпачо м`ясне з сиром Пармезан","name serves","15","150/80,00","Телятина у суміші олій, білого вина та сиру Пармезан","ua"
"16","Carpaccio di carne ","name serves","15","150/80,00","con Parmigiano Fesa di vitello con Parmigiano a scaglie vinegret di olio extravergine doliva, vino bianco, limone, sale e pepe.","it"
"16","Carpaccio di carne ","name serves","15","150/80,00","Veal meat, parmesan cheese. Served with  extra virgin olive oil, lemon and white wine dressing","en"
"17","Карпачо рибне з креветками","name serves","15","150/95,00","Лосось у суміші олій, білого вина та очищених креветок","ua"
"17","Carpaccio di salmone con gamberi ","name serves","15","150/95,00","Salmone e gamberetti vinegret dolio extravergine doliva, vino bianco, limone, sale e pepe.","it"
"17","Carpaccio di salmone ","name serves","15","150/95,00","Salmon and prawns. Served with extra virgin. olive oil. lemon, and a white wine dressing","en"
"18","Коктейль з креветок","name serves","15","200/76,00","Креветки коктейльні очищені , під соусом “Аврора”","ua"
"18","Coktail di gamberetti ","name serves","15","200/76,00","gamberetti e insalata condita con salsa ""Aurora""","it"
"18","Cocktail di gamberetti  ","name serves","15","200/76,00","Kjng  prawns, salad leaves and lemon served with 'Aurora' sauce.","en"
"19","Сирна тарілка","name serves","15","250/120,00","Ассорті з сирів Фета, Горгонзола, Пармезан, Едем, Моцарела","ua"
"19","Padella di formagio. ","name serves","15","250/120,00","Feta, Gorgonzola, Parmigiano, Edem e Mozzarela","it"
"19","Cheeze dish","name serves","15","250/120,00"," Feta cheeze, parmezan, Edam cheeze, mozarella cheeze and gorgonzola","en"
"20","Вітелло тонато      ","name serves","15","170/85,00","Телятина відварена під соусом з тунця, анчоусів та каперсів","ua"
"20","Vitello tonato ","name serves","15","170/85,00","Vitello bolito con salsa tonato ","it"
"20","Vitelo tonato ","name serves","15","170/85,00","Veal filet with sause of tuna fish, anciovies and capers","en"
"21","Прошутто крудо","name serves","15","50/42,00",,"ua"
"21","Prosciutto crudo ","name serves","15","50/42,00",,"en"
"22","Брускетта","name serves","15","150/35,00","Грінка із італійською закускою з помідорів, оливкової олії та часнику   ","ua"
"22","Bruschetta ","name serves","15","150/35,00","Crostino di pane con pomodoro a cubetti olio extravergine doliva, 'aglio e origano.","it"
"22","Bruschetta ","name serves","15","150/35,00","Sliced toasted bread with tomatoes, olive, oil, garlic and oregano.","en"
"23","ГАРЯЧІ ЗАКУСКИ","menu item","0",,"грам/гривна","ua"
"23","ANTIPASTI CALDI","menu item","0",,"g./uah","it"
"23","HOT STARTERS","menu item","0",,"g./uah","en"
"24","Баклажани Парміджано   ","name serves","23","200/57,00"," Баклажани запечені з сиром та помідорами","ua"
"24","Melanzane atta Parmigiana ","name serves","23","200/57,00","Melanzane fritte, con salsa di pomodoro, Mozzarella e parmigiano, gratinate al forno.","it"
"24","Melanzane alla Parmigiana  ","name serves","23","200/57,00","Baked aubergines with mozzarella cheese and tomatoes sauce.","en"
"25","Кальмари фрі зі скибкою лимону","name serves","23","160/40 / 72,00",,"ua"
"25","Calamari fritti ","name serves","23","160/40 / 72,00","Calamari infarinati e fritti, serviti con limone.","it"
"25","Calmari Fritti ","name serves","23","160/40 / 72,00","Deep fried squids served with lemon","en"
"26","Сеньйор помідор","name serves","23","170/47,00","Помідори підсмажені з анчоусами, каперсами, оливками та часником","ua"
"26","Signor Pomodoro ","name serves","23","170/47,00","Pomodori saltai in padella con acciughe, capperi, olive e aglio.","it"
"26","Signor Pomidoro  ","name serves","23","170/47,00","Sauted tomatoes with anchiovies, capers, olives, garlic and oregano.","en"
"27","Тигрові креветки на грилі","name serves","23","200/140,00",,"ua"
"27","Gamberoni ","name serves","23","200/140,00","grigliati","it"
"27","Gamberoni ","name serves","23","200/140,00","Fried tiger prawns","en"
"28","Креветки аля Рімінезе","name serves","23","190/140,00","Тигрові креветки, підсмажені з помідором, білим вином та спеціями","ua"
"28","Gamberoni alla Riminese ","name serves","23","190/140,00","Gamberoni saltati in padella con pomodorinifreschi, aglio, vino bianco, sak e pepe.","it"
"28","Gamberoni  alla Rjminese ","name serves","23","190/140,00","Fried tiger prawns with tomatoes, white wine, garlic, salt and pepper.","en"
"29","“ДОМАШНЯ” ПАСТА  ","menu item","0","РОБИМО ВЛАСНОРУЧ З ЯЄЧНОГО ТІСТА",,"ua"
"29","Pasta ""fatta in casa"" ","menu item","0",,,"it"
"29","HOME-MADE PASTA…","menu item","0",,,"en"
"30","Пансотті","menu item","0",,"грам/гривна","ua"
"30","Pansotti","menu item","0",,"g./uah","it"
"30","Pansotti","menu item","0",,"g./uah","en"
"31","Пансотті Дженовезе з горіховим соусом","name serves","30","350/69,00",,"ua"
"31","Pansotti alla Gevonese con la salsa di noci","name serves","30","350/69,00"," Pansotti ripieni di spinaci, ricotta, uova e cannetta, conditi con una tipica salsa genovese a base di noci, pinoti, Parmigiano, burro, pane bagnato nettatte e panna.","it"
"31","Pansotti alla Genovese con la salsa di noci ","name serves","30","350/69,00","Pansotti filled with ricotta cheese, spinach, egg and cinnamon. Served with a typical genovese sauce made with walnuts, cedernuts, parmesan, bread and cream.","en"
"32","Пансотті під соусом з шалфею","name serves","30","300/69,00","Pansotti ripieni di spinaci ricotta, uova e cannetta, conditi con burro e satvia.","ua"
"32","Pansotti alla genovese mantecati con burro e satvia ","name serves","30","300/69,00",,"it"
"32","Pansotti alia genovese mantecati con burro e salvia ","name serves","30","300/69,00","Pansotti filled with ricotta cheese, spinach, egg and cinnamon. Served with butter and sage.","en"
"33","Равіолі з м`ясом, під соусом Болоньєз, посипається Пармезаном","name serves","30","350/69,00",,"ua"
"33","Ravioli dì carne alla Bolognese ","name serves","30","350/69,00","Ravioli, ripieni di carne, spinaci prosciutto cotto e Parmigiano, conditi con ragù di carne.","it"
"33","Ravioli alia Bolognese ","name serves","30","350/69,00","Ravioli with meat,served with Bolognese sauce.","en"
"34","ЛАЗАНЬЯ","menu item","0",,"грам/гривна","ua"
"34","LASAGNE","menu item","0",,,"it"
"34","LASAGNE","menu item","0",,,"en"
"35","Лазанья кон фунгі ","name serves","34","300/63,00","Лазанья з грибами, під вершковим соусом бешамель","ua"
"35","Lasagne ai funghi ","name serves","34","300/63,00","Champignons Lasagne chaampignons, besciamella e Parmigiano.","it"
"35","Lasagne ai funghi ","name serves","34","300/63,00","Mushrooms, cream and Bechamel sauce.","en"
"36","Лазанья Болоньєзе","name serves","34","300/65,00","З м`ясом, під соусом з очищених помідор","ua"
"36","Lasagne alla Bolognese ","name serves","34","300/65,00","Lasagne preparate con ragù di carne e Parmigiano e mozzarella.","it"
"36","Lasagne alla Bolоgnese  ","name serves","34","300/65,00","Served with bolognese sauce.","en"
"37","Лазанья Сальмоне  ","name serves","34","300/65,00","Під вершковим соусом Бешамель, з лососем","ua"
"37","Lasagne al salmone","name serves","34","300/65,00","lasagne preparate con una deticata salsa di salmone e besciamella.","it"
"37","Lasagne al Salmone ","name serves","34","300/65,00","Salmon, cream and Bechamel sauce.","en"
"38","НЬОККІ","menu item","0",,"грам/гривна","ua"
"38","GNOCCHI","menu item","0",,"g./uah","it"
"38","GNOCCHI","menu item","0",,"g./uah","en"
"39","Ньоккі Соррентіна ","name serves","38","300/48,00","Картопляні кульки з пюре із свіжих помідорів, запечені з сиром Моцарелла","ua"
"39","Gnocchi alla Sorrentina ","name serves","38","300/48,00","gnocchi di patate, con satsa di pomodoro e Mozzarella, gratinati atforno","it"
"39","Gnocchi alla Sorrentina","name serves","38","300/48,00","Baked potato gnocchi with tomato sauce and mozzarella cheese.","en"
"40","Ньоккі Горгонзола ","name serves","38","300/52,00","Картопляні кульки запечені з соусом сиру Горогонзола","ua"
"40","Gnocchi gorgonzola ","name serves","38","300/52,00","gnochii di patate mantecati con gorgonzola, panna ","it"
"40","Gnocchi al Gorgonzola ","name serves","38","300/52,00","Baked potatoes gnocchi with gorgonzola, cream ","en"
"41","Ньоккі Болоньєз","name serves","38","300/49,00","Картопляні кульки з пюре із свіжих помідорів, м`ясного соуса Болоньєз та білого вина ","ua"
"41","Gnocchi alla Bolognese ","name serves","38","300/49,00","gnocchi di patate preparati con ragù di carne e Parmigiano","it"
"41","Gnocchi Alla Bolbgnese ","name serves","38","300/49,00","Potatoes gnocchi served with Bolognese sauce.","en"
"42","КАННЕЛОНІ","menu item","0",,"грам/гривна","ua"
"42","CANNELLONI","menu item","0",,,"it"
"42","CANNELLONI","menu item","0",,,"en"
"43","Каннеллоні зі шпінатом та рікотою","name serves","42","250/65,00"," Фаршировані сирною пастою рікотта зі шпинатом, під соусом Бешамель","ua"
"43","Cannelloni con spinaci e ricotta ","name serves","42","250/65,00","Cannelloni ripieni di ricotta e spinaci serviti con besciamella e Parmigiano.","it"
"43","Cannelloni con Spinaci e Ricotta ","name serves","42","250/65,00","Cannelloni filled with ricotta cheese and spinach. Served with Bechamel sauce and parmesan","en"
"44","Каннеллоні з м`ясом ","name serves","42","300/58,00","Фаршировані м`ясом, подаються під соусом Болоньєз","ua"
"44","Cannelloni alla bolognese ","name serves","42","300/58,00","Cannelloni ripieni di carne, spinaci uova e Parmigiano, serviti con ragù di carne.","it"
"44","Cannelloni alla Bolognese    ","name serves","42","300/58,00","Cannelloni filled with meat and cream. Served with Bolognese sauce  ","en"
"45","ПАСТА (СПАГЕТІ)","menu item","0",,"грам/гривна","ua"
"45","PASTA SECCA (SPAGHETTI)","menu item","0",,"g./uah","it"
"45","DRIED PASTA (SPAGHETTI)","menu item","0",,"g./uah","en"
"46","Карбонара","name serves","45","300/62,00","Шинка, яйця, Пармезан, вершки","ua"
"46","Alla carbonara ","name serves","45","300/62,00","Spaghetti con prosciutto, uova, panna ","it"
"46","Alla Carbonara ","name serves","45","300/62,00","Ham, eggs, parmesan cheese and cream.","en"
"47","Карбонара КЛАССИК","name serves","45","300/62,00","Бекон, яйця, Пармезан, вершки","ua"
"47","Alla carbonara CLASSIK ","name serves","45","300/62,00","Spaghetti con becon uova ","it"
"47","Alla Carbonara CLASSIK ","name serves","45","300/62,00","Becon, eggs, parmesan cheese ","en"
"48","Альйо, ольйо е пеперончино ","name serves","45","250/39,00","Часничок, олійка та гострий перчик","ua"
"48","Aglio, olio e peperoncino ","name serves","45","250/39,00","Spaghetti con aglio, olio e peperoncino rosso.","it"
"48","Aglio, olio e peperoncino ","name serves","45","250/39,00","Garlic, oil and chilly pepper","en"
"49","Фрутті ді маре","name serves","45","300/82,00","Очищені креветки ,лосось, мідії, кальмари, соус з помідорів  ","ua"
"49","Ai frutti di mare ","name serves","45","300/82,00","Spaghetti con gamberetti, cozze, calamari, salmone e salsa di pomodoro","it"
"49","Ai frutti di mare ","name serves","45","300/82,00","Squids, prawns, mussels, salmon and tomato sauce","en"
"50","Болоньез бьянко","name serves","45","300/55,00","Цибуля, морква, рублене м`ясо, шинка,, біле вино, печериці., вершки","ua"
"50","Alla Bolognese Bianca ","name serves","45","300/55,00","Spaghetti con champignons, panna, carne tritata, prosciutto e vino bianco","it"
"50","Alla Bolognese Bianca ","name serves","45","300/55,00","Mushrooms, ham, chopped meat and cream.","en"
"51","Болоньез россо","name serves","45","300/55,00","Цибуля, , рублене м`ясо, помідори, біле вино,  соус з помідорів","ua"
"51","Alla Bolognese rossa ","name serves","45","300/55,00","Spaghetti serviti con ragù di carne.","it"
"51","Alla Bolognese Rossa  ","name serves","45","300/55,00","Spaghetti Served with bolognese sauce.","en"
"52","Помідоро ","name serves","45","300/45,00","Цибуля, помідори, біле вино ","ua"
"52","Al Pomodoro ","name serves","45","300/45,00","Spaghetti con salsa di pomodoro.","it"
"52","Al Pomodoro ","name serves","45","300/45,00","Spaghetti Served with tomato sauce","en"
"53","ПЕННЕ","menu item","0",,"грам/гривна","ua"
"53","PENNE","menu item","0",,"g./uah","it"
"53","PENNE ","menu item","0",,"g./uah","en"
"54","4 сира ","name serves","53","300/85,00","Рокфор, Едам, Маздамер, Пармезан, вершки","ua"
"54","4 Formaggi ","name serves","53","300/85,00","Penne condite con una salsa a base di Rokfort, Edam, Mazdamer, Parmigiano e panna.","it"
"54","Ai Quattro formaggi ","name serves","53","300/85,00","Mozzarella, edam, rokfort, parmesan cheese and cream.","en"
"55","Аматрічіана ","name serves","53","270/55,00","Помідори, шинка, цибулинка, пармезан","ua"
"55","All amatriciana ","name serves","53","270/55,00","Penne con salsa di pomodori pelati, prosciutto saltato in padella, cipolla e Parmigiano,","it"
"55","All amatriciana ","name serves","53","270/55,00","Tomatoes, ham, onion and parmesan.   ","en"
"56","Ал Італьяно ","name serves","53","300/63,00","Помідорний соус, моцарелла, салямі ","ua"
"56","All italiana ","name serves","53","300/63,00","Penne condite con salsa dipomodoro, Mozzarella e salame.","it"
"56","All italiana ","name serves","53","300/63,00"," Tomato sauce, Mozzarella cheese and salami","en"
"57","Аль сальмоне","name serves","53","300/75,00","Лосось, коньяк, біле вино, вершки","ua"
"57","All salmone ","name serves","53","300/75,00","penne condite con una salsa a base di salmone e panna.","it"
"57","All salmone ","name serves","53","300/75,00","Salmon, cognac white  vine and cream. ","en"
"58","Прошутто е фунті ","name serves","53","300/54,00","Шинка та печериці, вершки, біле сухе вино","ua"
"58","Prosciutto e funghi ","name serves","53","300/54,00","Penne con funghi champignons, prosciutto saltato in padella e panna.","it"
"58","Prosciutto e funghi ","name serves","53","300/54,00","Ham, mushrooms and cream.   ","en"
"59","Ал тонно","name serves","53","300/57,00","Зелений горошок, свіжі помідори, тунець, олія, біле вино, вершки","ua"
"59","All tonno ","name serves","53","300/57,00","Penne con tonno, pomodoro saltato in padella, piselli, vino bianco e panna.","it"
"59","All tonno ","name serves","53","300/57,00","Green Peas, tomatoes, tuna, and cream.","en"
"60","Алл` Арабіата ","name serves","53","300/47,00","Гострий помідорний соус ","ua"
"60","All' arrabbiata ","name serves","53","300/47,00","Penne condite con salsa di pomodoro e con un 'aggiunta di peperoncino piccante.","it"
"60","All' arrabbiata ","name serves","53","300/47,00","Tomatoes sauce and chilly pepper","en"
"61","Болоньез","name serves","53","300/56,00","Цибуля, морква, селера, м`ясний фарш, помідори, червоне вино","ua"
"61","Alla bolognese ","name serves","53","300/56,00","Penne condite con ragù di carne.","it"
"61","Alla bolognese ","name serves","53","300/56,00","Served with bolognese sauce.   ","en"
"62","Зі шпинатом та волоським горіхом","name serves","53","300/54,00",,"ua"
"62","Con spinaci e noce","name serves","53","300/54,00",,"it"
"62","Spinach and alnuts","name serves","53","300/54,00",,"en"
"63","Помідоро","name serves","53","300/47,00","Цибуля, помідори, біле вино","ua"
"63","Al pomodoro ","name serves","53","300/47,00","Penne condite con salsa di pomodoro.","it"
"63","Al pomodoro ","name serves","53","300/47,00","Served with tomato sauce. ","en"
"64","Вегетаріанські","name serves","53","300/63,00","Баклажани, цукіні, солодкий перець, біле  вино","ua"
"64","Vegetariane ","name serves","53","300/63,00","Penne condite con zucchine, melanzane, cavolfiore, peperoni amalgamati nella salsa di pomodoro","it"
"64","Vegetariane","name serves","53","300/63,00","Аubergines, zucchini sweet peppers with tomato sauce.","en"
"65","Цукіні та креветки ","name serves","53","300/68,00","Креветки цукіні, цибуля, біле вино","ua"
"65","Zucchini e gamberetti ","name serves","53","300/68,00","Penne con gamberetti, zucchine, cipolla e vino bianco","it"
"66","РІЗОТТО","menu item","0",,"грам/гривна","ua"
"66","RISOTTI","menu item","0",,"g./uah","it"
"66","RISOTTI","menu item","0",,"g./uah","en"
"67","Фрутті ді маре","name serves","66","300/92,00","Очищені креветки, лосось, мідії, кальмари, соус з помідорів  ","ua"
"67","Ai frutti di mare ","name serves","66","300/92,00","Riso con gamberetti sgusciati, cozze, calamari, salmone e salsa di pomodoro.","it"
"67","Ai frutti di mare ","name serves","66","300/92,00","prawns,mussels, squids, salmon and tomato sauce.","en"
"68","Ай порчіні ","name serves","66","300/92,00","Білі гриби, часник, вершки, пармезан, петрушка ","ua"
"68","Ai funghi porcini ","name serves","66","300/92,00","Riso con funghi porcini, panna, Parmigiano, prezzemolo e aglio.","it"
"68","Ai funghi porcini ","name serves","66","300/92,00","mushrooms, garlic, cream, Parmesan cheese","en"
"69","Прошутто е фунгі ","name serves","66","300/65,00","Печериці, шинка, під вершковим соусом","ua"
"69","Prosciutto e funghi ","name serves","66","300/65,00","Champignons Riso con champignons, prosciutto e panna.","it"
"69","Prosciutto e funghi ","name serves","66","300/65,00","Champignons, ham and cream sauce","en"
"70","Ал Бурро ","name serves","66","300/61,00","Рис з маслом та сиром Пармезан","ua"
"70","Al Burro Rjso ","name serves","66","300/61,00","(bollito) con burro e Parmigiano.","it"
"70","Al Burro Rjso ","name serves","66","300/61,00","Rice with Butter and parmesan cheese.","en"
"71","Супи","menu item","0",,"грам/гривна","ua"
"71","ZUPPE","menu item","0",,"g./uah","it"
"71","Soups","menu item","0",,"g./uah","en"
"72","Міністроне","name serves","71","300/42,00","овочевий суп з свіжими баклажанами,свіжими  цукіні,свіжими, помідорами, солодким перцем, зелений горошок, цв.капуста, квасоля ","ua"
"72","Minestrone ","name serves","71","300/42,00","Zuppa di verdure con melanzane, zuccflint, pomodori, cavolfiore, fagiolini e patate.","it"
"72","Minestrone","name serves","71","300/42,00"," Vegetable soup with aubergines, zucchini and tomatoes","en"
"73","Борщ ","name serves","71","300/35,00","з засушеними нами власноруч помідорами","ua"
"73","Borsch ","name serves","71","300/35,00","Zuppa di verza, patate, carote, cipolle e panna acida.","it"
"73","Borsch ","name serves","71","300/35,00","Beetroot, Cabbage, onions, potatoes, carrots, reduced tomato sauce and sour cream.","en"
"74","Сеньйор Помідор ","name serves","71","300/38,00","суп-пюре зі свіжих томатів, вершки та грінок","ua"
"74","Signor Pomodoro ","name serves","71","300/38,00","Vellutata dipomodori freschi, macchiata conpanna e servita con crostine dipane.","it"
"74","Signor Pomodoro ","name serves","71","300/38,00","tomato cream, double cream. Served with small pieces of toasted bread.","en"
"75","Пірат ","name serves","71","300/54,00","(кальмари, мідії, вонголє, креветки, в помідорному соусі)  ","ua"
"75","Pirata ","name serves","71","300/54,00","Calamari, cozze, gamberetti, merluzzo, salmone e salsa dipomodoro.","it"
"75","Pirata ","name serves","71","300/54,00","Squids, mussels, shrimps, salmon, cod and tomato sauce.","en"
"76","Суп-пюре з печориць ","name serves","71","300/46,00",,"ua"
"76","Zupa-crema ","name serves","71","300/46,00","di schampions con latte e panna","it"
"76","Zupa-crema ","name serves","71","300/46,00","mashrooms with milk and cream","en"
"77","Окрошка ","name serves","71","300/32,00","(з квасом або кефіром)  (є у літній період) ","ua"
"77","Okroshka","name serves","71","300/32,00",,"en"
"78","ДРУГІ СТРАВИ (М`ЯСНІ)","menu item","0",,"грам/гривна","ua"
"78","SECONDI PIATTI (DI CARNE)","menu item","0",,"g./uah","it"
"78","MAIN COURSE (MEAT DISH)","menu item","0",,"g./uah","en"
"79","Ковбаски „по-домашньому”","name serves","78","350/69,00","Підсмажені у білому вині, із свинини та курячого м `яса","ua"
"79","Salsiccia al Signor Pomodoro ","name serves","78","350/69,00","Salsiccia di maiale cotta a fio chef.","it"
"79","Salsiccia al Signor Pomodoro ","name serves","78","350/69,00","Pork sausage, oil and aromatic herbs.","en"
"80","Піцайола","name serves","78","250/75,00"," Філе телятини, під соусом з біл. вина та св.помідорів, з каперсами ","ua"
"80","Pizzaioli ","name serves","78","250/75,00","Filetto di vitello preparato con pomodori pelati olive, capperi e origano.","it"
"80","Pizzaioli","name serves","78","250/75,00","Veal fillet, tomato sauce, capers, olives and oregano.","en"
"81","Філе Пепе Верде ","name serves","78","150/50 / 85,00","Філе телятини, під соусом з білого вина, помідорів, зеленого горошкового не дуже гострого італійського перцю та вершків","ua"
"81","Filetto al pepe verde ","name serves","78","150/50 / 85,00","Filetto di vitello, preparato con una salsa a Base di senape, panna, pepe verde e àpoda, spruzzato colcognac.","it"
"81","Filetto al pepe verde ","name serves","78","150/50 / 85,00","veal fillet with white wine, cognac,  green peas pepper and cream.","en"
"82","Філе Веллінгтон","name serves","78","150/50 / 75,00","Філе телятини, підсмажене з горілкою, під соусом з гірчиці, кетчупу та вершків","ua"
"82","Filetto Wellington ","name serves","78","150/50 / 75,00","Filetto di vitello preparato con ketchup e panna, spruzzato con la vodka.","it"
"82","Filetto Wellington ","name serves","78","150/50 / 75,00","Veal fillet, mustard, ketchup, cream and vodka.","en"
"83","Філе ай Порчіні ","name serves","78","150/50 / 97,00","Філе телятини з білими грибами, вершками, білим вином та коньяком","ua"
"83","Filetto ai porcini ","name serves","78","150/50 / 97,00","Filetto di vitello preparato con una salsa di fungili porcini, panna, vino Bianco e cognac","it"
"83","Filetto ai porcini ","name serves","78","150/50 / 97,00","Veal fillet, mushrooms, cream, white wine and cognac.","en"
"84","Курка з горгонзолою ","name serves","78","200/50 / 65,00","Філе курки з голубим благородним італійським сиром та вершками ","ua"
"84","Petto dipollo al gorgonzola ","name serves","78","200/50 / 65,00","Petto di pollo preparato con una salsa a base di gorgonzola, panna e vino bianco.","it"
"84","Petto dipollo al gorgonzola ","name serves","78","200/50 / 65,00","Chicken fillet, gorgonzola cheese and cream. ","en"
"85","Курка з шампіньйонами ","name serves","78","200/50 / 57,00","Філе курки з шампіньйонами та вершками","ua"
"85","Filetto dipollo con champignons  ","name serves","78","200/50 / 57,00","filetto di pollo con una salsa di panna, cliampignons, , vino bianco e cognac","it"
"85","Filetto dipollo con champignons  ","name serves","78","200/50 / 57,00","Chicken fillet, champignons and cream.","en"
"86","Печінка по Венеціанськи ","name serves","78","200/50,00","Печінка індички з цибулею та червоним вином","ua"
"86","Feghato alla Veneziano ","name serves","78","200/50,00","Feghato di tachino con cipolo e vino rosso","it"
"86","Feghato alla Veneziano ","name serves","78","200/50,00","Turkey liver with onion and red wine","en"
"87","Скалопіно ал мадера","name serves","78","150/50 / 65,00","Філе свинини з мадерою","ua"
"87","Scaloppina al Madera ","name serves","78","150/50 / 65,00","Filetto di maiale preparato con una crema al Madera.","it"
"87","Scaloppina al Madera ","name serves","78","150/50 / 65,00","Pork fillet with Madera wine.","en"
"88","Сколопіно ал лимоне","name serves","78","150/50 / 65,00","Філе свинини з білим вином та лимонним соком","ua"
"88","Scaloppina al limone ","name serves","78","150/50 / 65,00","Filetto di maiale preparato con una crema a base di limone e vino bianco.","it"
"88","Scaloppina al limone ","name serves","78","150/50 / 65,00","Pork fillet, white wine and lemon juice.","en"
"89","Кролик в молочному суфле","name serves","78","20/50 / 89,00","Кролик в легкому кремі з вершків. ","ua"
"89","Coniglio al latte ","name serves","78","20/50 / 89,00","Coniglio preparato con una crema delicata al latte.","it"
"89","Coniglio al latte ","name serves","78","20/50 / 89,00","Rabbit with cream and milk sauce.","en"
"90","ДРУГІ СТРАВИ (МЕНЮ ГРИЛЬ…)","menu item","0",,"грам/гривна","ua"
"90","SECONDI PIATTI (MENU ALLA GRIGLIA…)","menu item","0",,"g./uah","it"
"90","MAIN COURSE (GRILLED MENU)","menu item","0",,"g./uah","en"
"91","Фіорентина-стейк  ","name serves","90","100/43,00","телятини на кісточці","ua"
"91","Fiorentina","name serves","90","100/43,00","costata di vitello con osso","it"
"91","Fiorentina.","name serves","90","100/43,00","bone veal steak","en"
"92","Стейк  свинини   ","name serves","90","100/42,00","на кісточці","ua"
"92","Costata di maiale ","name serves","90","100/42,00","con osso","it"
"92","Costata di maiale","name serves","90","100/42,00","bone pork steak","en"
"93","Філе телятини","name serves","90","170/98,00",,"ua"
"93","Filetto di vitello","name serves","90","170/98,00",,"it"
"93","Filetto Di Vitello (Veal fillet)","name serves","90","170/98,00",,"en"
"94","Окіст Індички ","name serves","90","200/96,00",,"ua"
"94","Аnca di tachino","name serves","90","200/96,00",,"it"
"94","Hip of Turkey ","name serves","90","200/96,00",,"en"
"95","Філе курки","name serves","90","200/57,00",,"ua"
"95","Petto di pollo","name serves","90","200/57,00",,"it"
"95","Petto Di Pollo  (Chicken fillet)","name serves","90","200/57,00",,"en"
"96","Дорада ","name serves","90","300/146,00",,"ua"
"96","Orata","name serves","90","300/146,00",,"it"
"96","Dorada","name serves","90","300/146,00",,"en"
"97","Тигрові креветки","name serves","90","190/140,00",,"ua"
"97","Gamberi grigliata","name serves","90","190/140,00",,"it"
"97","King shrimps","name serves","90","190/140,00",,"en"
"98","Стейк лосося","name serves","90","100/67,00",,"ua"
"98","Tranci di salmone alla griglia","name serves","90","100/67,00",,"it"
"98","Tranci di Salmone alla Griglia. (Salmon steak)","name serves","90","100/67,00",,"en"
"99","Овочі гриль під соусом з олії та часнику","name serves","90","200/76,00",,"ua"
"99","Verdura grigliata (peperoni, melanzane, zucchini e pomodori)","name serves","90","200/76,00",,"it"
"99","Verdura grigliata Aubergines, zucchini, tomatoes, cauliflower and sweet peppers.","name serves","90","200/76,00",,"en"
"100","Печориці","name serves","90","200/43,00",,"ua"
"100","Funghi","name serves","90","200/43,00",,"it"
"100","Mushrooms","name serves","90","200/43,00",,"en"
"101","ДРУГІ СТРАВИ (РИБНІ СТРАВИ…)","menu item","0",,"грам/гривна","ua"
"101","SECONDI PIATTI (DI PESCE…)","menu item","0",,"g./uah","it"
"101","MAIN COURSE (FISH DISHES)","menu item","0",,"g./uah","en"
"102","Лосось Пепе Верде ","name serves","101","150/50 / 115,00","Лосоcь з зеленим горошковим італійським пікантним перцем, червоним вином, свіжими помідорами та вершками","ua"
"102","Salmone al Pepe verde ","name serves","101","150/50 / 115,00","Salmone preparato con una gustosa crema a Base di pepe verde, concentrato dipomodoro, panna evino rosso.","it"
"102","Salmone al Pepe verde  ","name serves","101","150/50 / 115,00","Salmon, green peas pepper, red wine, reduced tomato sauce and cream.","en"
"103","Лосось Сальса Бьянко  ","name serves","101","150/50 / 115,00","Лосось під соусами Ворчестер та Табаско з вершками ","ua"
"103","Salmone in Salsa Bianca ","name serves","101","150/50 / 115,00","Salmone preparato con una gustosa crema a base di 'Worchester, Tabasco e panna.","it"
"103","Salmone in Salsa Bianca ","name serves","101","150/50 / 115,00","Salmon, cream with'Worchester and tabasco sauce.","en"
"104","Лосось фрутте ді маре","name serves","101","150/70 / 125,00","Лосось у легкому кремі з морепродуктів,  вершків та білого вина","ua"
"104","Salmone ai frutti di mare ","name serves","101","150/70 / 125,00","Salmone preparato con una delicata di salmone, cozze, polpa di granchio, gamberetti e panna.","it"
"104","Salmone ai frutti di mare ","name serves","101","150/70 / 125,00","Salmon with mussels, crabs, shrimps and cream.","en"
"105","Судак Алегрія","name serves","101","150/50 / 79,00","Филе судака з солодким перцем, каперсами, білим вином та коньяком","ua"
"105","Tranci di Merluzzo ","name serves","101","150/50 / 79,00","Allegria Titetto di merluzzo preparato con una delicata crema di peperoni, capperi,, vino bianco e cognac.","it"
"105","Tranci di Merluzzo ","name serves","101","150/50 / 79,00","Cod fillet with sweet pepper, capers, white wine, cognac and onion.","en"
"106","Дорада „Калабрезе ”","name serves","101","300/154,00","Дорада запечена з маслинами","ua"
"106","Orata Calabrese ","name serves","101","300/154,00","Orata grigliata con sucho di limone, vino bianco, olive","it"
"106","Доrata Calabrese ","name serves","101","300/154,00","Dorada fish baked with olives","en"
"107","Кальмари у фритюрі  ","name serves","101","160/40 / 72,00","Кальмари смажені. Подаються зі скибочкою лимону","ua"
"107","Calamari fritti ","name serves","101","160/40 / 72,00","Calamari infarinati e fritti, serviti con spicchio di limone.","it"
"107","Calamari fritti ","name serves","101","160/40 / 72,00","Fried squids with slices lemon.","en"
"108","Окунь з шампіньйонами","name serves","101","200/79,00","Філе морського окуня, смажене з білим вином, спеціями та шампіньйонами ","ua"
"108","Filetti di Triglia ","name serves","101","200/79,00","ai funghi champignons Titetto di triglia preparato con champignons, panna e vino bianco. ","it"
"108","Filetti di Triglia ","name serves","101","200/79,00","Red mullet fillet, white wine, mushrooms and cream.","en"
"109","Окунь з Ал` ла Ліворнезе","name serves","101","200/79,00","Філе морського окуня, смажене з білим вином, спеціями та з  пюре зі свіжих помідорів ","ua"
"109","Filetti di Triglia alla Livornese ","name serves","101","200/79,00","Filetto di triglia, preparato con pomodori pelati, olive, origano e vino bianco.","it"
"109","Filetti di Triglia alla Livornese ","name serves","101","200/79,00","Red mullet with white wine, tomatoes, olives and oregano","en"
"110","Скумбрія Неаполітана ","name serves","101","360/84,00","підсмажена з білим вином, помідорами, та петрушкою","ua"
"110","Sgombro","name serves","101","360/84,00"," fritato con prezemola, aglio, vino bianco e pomodori","it"
"110","Sgombro  ","name serves","101","360/84,00","parsley, garlic, white wine and tomatoes","en"
"111","ГАРНІРИ…","menu item","0",,"грам/гривна","ua"
"111","CONTORNI…","menu item","0",,"g./uah","it"
"111","GARNISHES...","menu item","0",,"g./uah","en"
"112","Капоната ","name serves","111","200/49,00","Соте за італійським рецептом, з баклажанів, каперсів, цукіні, цвітної капусти, солодкого перцю","ua"
"112","Caponata alla Siciliana","name serves","111","200/49,00","melanzane, capperi, zucchini, cavolfiore,peperoni e pomodori","it"
"112","Caponata alla Siciliana ","name serves","111","200/49,00","Aubergines, zucchini, tomatoes, capers, cauliflower and sweet peppers.","en"
"113","Картопля фрі","name serves","111","150/26,00",,"ua"
"113","Patatine fritte","name serves","111","150/26,00",,"it"
"113","Patata Fritte","name serves","111","150/26,00","Chips","en"
"114","Відварна картопля з укропом","name serves","111","200/32,00","У весняний період з молодої картоплі","ua"
"114","Patate lesse","name serves","111","200/32,00",,"it"
"114","Patate Lesse","name serves","111","200/32,00","Boiled potatoes","en"
"115","Картопля запечена в духовці з солодким перцем аля Калабрезе","name serves","111","200/32,00",,"ua"
"115","Peperoni e patate alla calabrese","name serves","111","200/37,00",,"it"
"115","Patate e Peperoni alla Calabrese. baked potatoes -with sweet pepper.","name serves","111","200/37,00",,"en"
"116","Рис коричневий","name serves","111","150/35,00",,"ua"
"116","Riso marrone","name serves","111","150/35,00",,"it"
"116","Riso Marrone. (Brown rice)","name serves","111","150/35,00",,"en"
"117","Цвітна капуста під соусом з вершків та білого вина","name serves","111","150/42,00",,"ua"
"117","Cavolfiore saltato in padella con una delicata salsa a base di panna,vino bianco e aglio.","name serves","111","150/42,00",,"it"
"117","Cauliflower with cream and' white wine sauce.","name serves","111","150/42,00",,"en"
"118","Брокколі під соусом з вершків та білого вина","name serves","111","150/45,00",,"ua"
"118","Brokkoli saltato in padella con una salsa a base di panna, vino bianco e aglio.","name serves","111","150/45,00",,"it"
"118","Broccoli with cream and' white wine sauce.","name serves","111","150/45,00",,"en"
"119","СОУСИ НА ВАШ СМАК","menu item","0",,"грам/гривна","ua"
"119","LE SALSE A VOSTRO PIACERE…","menu item","0",,"g./uah","it"
"119","SAUSE ON YOUR CHOICE","menu item","0",,"g./uah","en"
"120","Кетчуп","name serves","119","100/8,00",,"ua"
"120","Ketchup","name serves","119","100/8,00",,"it"
"120","Ketchup ","name serves","119","100/8,00",,"en"
"121","Сметана","name serves","119","50/6,00",,"ua"
"121","Panna acida","name serves","119","50/6,00",,"it"
"121","Cream","name serves","119","50/6,00",,"en"
"122","Майонез","name serves","119","100/8,00",,"ua"
"122","Maionese","name serves","119","100/8,00",,"it"
"122","Mayonnaise","name serves","119","100/8,00",,"en"
"123","Аврора Мікс з кетчупу, майонезу, спецій та коньяку","name serves","119","100/14,00",,"ua"
"123","Aurora ketchup, maionese, limone, cognac e pepe nero.","name serves","119","100/14,00",,"it"
"123","Mayonnaise, ketchup, cognac, lemon, white wine, vinegar.","name serves","119","100/14,00",,"en"
"124","Дель Горгонзола соус","name serves","119","100/15,00","Дель Горгонзола Вершки, сир Горгозола, спеції, коньяк, майонез","ua"
"124","Dello Gorgonzola, cognac e pepe nero","name serves","119","100/15,00",,"it"
"124","Dello Gorgonzola cognac e black peper","name serves","119","100/15,00",,"en"
"125","Дель Шеф ","name serves","119","100/14,00","Вершки, гірчиця, спеції, коньяк","ua"
"125","Dello Chef ","name serves","119","100/14,00","Mostarda, cognac e pepe nero ","it"
"125","Dello Chef ","name serves","119","100/14,00","Mayonnaise, cream, mustard and cognac","en"
"126","ЛЕГКА ЗАКУСКА ","menu item","0",,"грам/гривна","ua"
"126","SU RICHIESTA ","menu item","0",,"g./uah","it"
"126","LIGHT SNACKS","menu item","0",,"g./uah","en"
"127","Лимон ","name serves","126","100/10,00",,"ua"
"127","Limone","name serves","126","100/10,00",,"it"
"127","Lemon","name serves","126","100/10,00",,"en"
"128","Вершкове масло","name serves","126","30/9,00",,"ua"
"128","Burro","name serves","126","30/9,00",,"it"
"128","Butter","name serves","126","30/9,00",,"en"
"129","Хліб        ","name serves","126","170/2,00","на Ваш вибір – чорний чи білий   ","ua"
"129","Pane ","name serves","126","170/2,00","nero o bianco","it"
"129","Bread ","name serves","126","170/2,00","dark ore light","en"
"130","Сир Пармезан","name serves","126","15/25,00",,"ua"
"130","Formaggio ""Parmigiano""","name serves","126","15/25,00",,"it"
"130","Parmesan cheese","name serves","126","15/25,00",,"en"
"131","Маслини чи оливки","name serves","126","50/14,00",,"ua"
"131","Olive nere Olive Verdi","name serves","126","50/14,00",,"it"
"131","Black Olives Green olives","name serves","126","50/14,00",,"en"
"132","ДЕСЕРТИ…","menu item","0",,"грам/гривна","ua"
"132","DOLCI…","menu item","0",,"g./uah","it"
"132","DESERTS","menu item","0",,"g./uah","en"
"133","Тірамісу ","name serves","132","120/49,00","Оригінальний італійський десерт з біскотами Савоярді, вимоченними в суміші Калуа з кавою,  та сиром Маскарпоне ","ua"
"133","Tirami su ","name serves","132","120/49,00","Dolce italiano con biscotti ""Savoiardi"", Mascarpone, uova e zucchero. ","it"
"133","Tirami su ","name serves","132","120/49,00","Original Italian dessert with Savoiardi biscuits, Mascarpone cheese, coffee, amaretto liqueur, eggs and sugar","en"
"134","Штрудель з листкового тіста яблуками, карамельним сиропом та морозивом","name serves","132","200/50 /54,00",,"ua"
"134","Schtrudel di mela pancake with apple carmel surip and ice-cream","name serves","132","200/50 /54,00",,"en"
"135","Штрудель з листкового тіста з  вишнею, карамельним сиропом та морозивом","name serves","132","200/50 /54,00",,"ua"
"135","Schtrudel di amarena pancake with cherry carmel surip and ice-cream","name serves","132","200/50 /54,00",,"en"
"136"," Яблуко запечене з помаранчевими цукатами та сиропом","name serves","132","250/27,00",,"ua"
"136","Mela frittate al forno con gema di arancia","name serves","132","250/27,00",,"it"
"136","Mela frittate apple baked with surip and orange jam","name serves","132","250/27,00",,"en"
"137","Яблуко запечене з волоськими горіхами, курагою та медом","name serves","132","250/27,00",,"ua"
"137","Mela frittate al forno con noci e pesca seccha","name serves","132","250/27,00",,"it"
"137","Mela frittate apple baked with valnuts dried apricots and honey","name serves","132","250/27,00",,"en"
"138","Флорентійські Кантуччі ","name serves","132","100/33,00","мигдальне печиво, яке за традицією, італійці вимочують у напівсолодкому червоному вині „Санта”, але на нашу думку, та думку таких самих великих гурманів як ми, це печиво дуже смакує також з чаєм, капучіно та нашею „Чоко-Татою”. Бо ми не тількі гурмани, а ще й виробники! Тому що це печиво виробляємо самі, ось оцими золотими ручечками!!!","ua"
"138","Cantucсi","name serves","132","100/33,00",,"it"
"138","Almond Cookies","name serves","132","100/33,00",,"en"
"139","Панна котта","name serves","132","130/32,00","Ніжний італійський десерт з вершків, під карамеллю ","ua"
"139","Panna cotta ","name serves","132","130/32,00","Dolce a base di panna, latte, zucchero e caramello.","it"
"139","Panna cotta ","name serves","132","130/32,00","Italian pudding made of cream, milk and served with caramel sauce.","en"
"140","Крем карамель","name serves","132","130/32,00","Ніжний італійський десерт з яєчного білка, молока, під карамеллю","ua"
"140","Cream- caramell ","name serves","132","130/32,00","Dolce a Base di latte, uova e zucchero.","it"
"140","Cream- caramell ","name serves","132","130/32,00","pudding made of milk, eggs, sugar and served with caramel ","en"
"141","Яблучний торт","name serves","132","200/100 / 54,00","Пісочне тісто з яблуками та родзинками, які вимочуються у ромі. Подається гарячим, під вершково-полуничним кремом, з морозивом ","ua"
"141","Torta alle mele ","name serves","132","200/100 / 54,00","Pasta rolla, mele e uvetta macerata nel vino Bianco, servita con crema pasticcerà e gelato.","it"
"141","Torta alle mele ","name serves","132","200/100 / 54,00","Apple pie with short pastry, apples, raisins, white wine. Served hot with custard- cream and ice-cream,","en"
"142","Бабусин торт ","name serves","132","200/49,00","Пісочне тісто з сирною пастою рікотта, з джемом. Подається  гарячим","ua"
"142","Torta della nonna ","name serves","132","200/49,00","Pasta frolla, ricotta e marmellata e succo darancia.","it"
"142","Torta della nonna ","name serves","132","200/49,00","Ricotta cheese cake with fruit jam. Served hot.","en"
"143","Лимонна Македонія","name serves","132","200/35,00","Нарізані фрукти, які подаються в соусі з лимонного соку та цукру","ua"
"143","Macedonia al limone ","name serves","132","200/35,00","Cubetti di frutta affogati nel succo di limone e zucchero.","it"
"143","Macedonia al limone ","name serves","132","200/35,00","Fruit salad served with lemon juice and sugar.","en"
"144","Македонія з морозивом ","name serves","132","200/35,00","Нарізані фрукти, які подаються  з морозивом","ua"
"144","Macedonia al gelato ","name serves","132","200/35,00","Cubetti di frutta serviti con gelato.","it"
"144","Macedonia al gelato ","name serves","132","200/35,00","Fruit salad with ice-cream.","en"
"145","Італійське Морозиво… ","name serves","132","200/35,00",,"ua"
"145","Gelato…","name serves","132","200/35,00",,"it"
"145","Ice-cream","name serves","132","200/35,00",,"en"
"146","Фісташкове ","name serves","132","100/28,00",,"ua"
"146","Pistacchio","name serves","132","100/28,00",,"it"
"147","Молочний шоколад з ліщиною ","name serves","132","100/28,00",,"ua"
"147","Cioccolata di latte","name serves","132","100/28,00",,"it"
"148","Чорний шоколад ","name serves","132","100/28,00",,"ua"
"148","Cioccolata","name serves","132","100/28,00",,"it"
"149","Карамель-мерінге ","name serves","132","100/28,00",,"ua"
"149","Caramel-meringe","name serves","132","100/28,00",,"it"
"150","Лісова ягода ","name serves","132","100/28,00",,"ua"
"150","Frutti di bosco","name serves","132","100/28,00",,"it"
"151","Сироп ","name serves","132","20/7,00","на Ваш смак ","ua"
"151","Sciroppo","name serves","132","20/7,00",,"it"
"152","НАШІ ПІЦИ…","menu item","0",,"грам/гривна","ua"
"152","LE NOSTRE PIZZE…","menu item","0",,"g./uah","it"
"152","OUR  PIZZA...","menu item","0",,"g./uah","en"
"153","МАРГАРИТА ","name serves","152","320/45,00","Помідорний соус, сир моцарелла, орегано","ua"
"153","MARGHERITA ","name serves","152","320/45,00","Pomodori pelati, mozzarella e origano.","it"
"153","MARGHERITA ","name serves","152","320/45,00","Tomato sauce, mozzarella cheese and oregano","en"
"154","НЕАПОЛІТАНСЬКА ","name serves","152","345/75,00","Помідорний соус, сир моцарелла, анчоуси, орегано","ua"
"154","NAPOLETANA ","name serves","152","345/75,00","Pomodoro pelati, Mozzarella, acciughe e origano.","it"
"154","NAPOLETANA ","name serves","152","345/75,00","Tomato sauce, mozzarella cheese, anchovies and oregano.","en"
"155","ПЕПЕРОНІ ","name serves","152","320/54,00","Помідорний соус, сир моцарелла, солодкий перець, орегано","ua"
"155","PEPERONI","name serves","152","320/54,00","Pomodoripelati, mozzarella, peperoni e origano.","it"
"155","PEPERONI","name serves","152","320/54,00","Tomato sauce, mozzarella cheese, sweet pepper and oregano.","en"
"156","ВЮСТЕР ","name serves","152","365/59,00","Помідорний соус, сир моцарелла, фермерські ковбаски, орегано","ua"
"156","WURSTER ","name serves","152","365/59,00","Pomodori pelati, mozzarella, wurstel e origano.","it"
"156","WURSTER ","name serves","152","365/59,00","Tomato sauce, mozzarella cheese, frankfurter and oregano.","en"
"157","ДЬЯВОЛА РОССА ","name serves","152","370/48,00","Помідорний соус, сир моцарелла, гострий перець, орегано","ua"
"157","DIAVOLA ROSSA ","name serves","152","370/48,00","Pomodori pelati, mozzarella, pepe rosso piccante.","it"
"157","DIAVOLA ROSSA ","name serves","152","370/48,00","Tomato sauce, mozzarella cheese, chilly and oregano.","en"
"158","ПРОШУТО Э ФУНГІ ","name serves","152","385/67,00","Помідорний соус, сир моцарелла, печериці, шинка, орегано","ua"
"158","PROSCUTTO E FUNGHI ","name serves","152","385/67,00","Pomodori pelati, mozzarella, funghi, prosciutto cotto e origano.","it"
"158","PROSCUTTO E FUNGHI ","name serves","152","385/67,00","Tomato sauce, mozzarella cheese, mushrooms, ham and oregano.      ","en"
"159","ПОРЧЕЛІНА ","name serves","152","460/89,00","Помідорний соус, сир моцарелла, печериці, салямі, фермерські ковбаски, шинка, орегано","ua"
"159","PORCELLINA ","name serves","152","460/89,00","Pomodori pelati,, mozzarella, funghi, salame, salsiccia, prosciutto cotto e origano.","it"
"159","PORCELLINA ","name serves","152","460/89,00","Tomato sauce, mozzarella cheese, mushrooms, salami, sausages, ham and oregano.","en"
"160","АНАНАС ","name serves","152","385/65,00","Помідорный соус, сир моцарелла, ананаси, шинка, орегано","ua"
"160","ANANAS ","name serves","152","385/65,00","Pomodori pelati, mozzarella, ananas, prosciutto cotto e origano.","it"
"160","ANANAS ","name serves","152","385/65,00","Tomato sauce, mozzarella cheese, pineapple, ham and oregano.","en"
"161","ВЕГЕТАРІАНСЬКА ","name serves","152","500/95,00","Помідорний соус, сир моцарелла, баклажани, цукіні, печериці, помідори, орегано","ua"
"161","WEGETRIANA ","name serves","152","500/95,00","Pomodori pelati, mozzarella, melanzane, zucchine, funghi, pomodorini ","it"
"161","WEGETRIANA ","name serves","152","500/95,00","Tomato sauce, mozzarella cheese, aubergines, zucchini, mushrooms,tomatoes and oregano.","en"
"162","КАРБОНАРА ","name serves","152","450/89,00","вершковий соус, моцарелла, шинка, куряче яйце","ua"
"162","ALLA CARBONARA ","name serves","152","450/89,00","Panna, proscuito cotto, uovo di pollo.","it"
"162","CARBONARA ","name serves","152","450/89,00","ALLA Karbonara Cream sauce, ham, chicken egg","en"
"163","САНДРО  ","name serves","152","450/75,00","Помідорний соус моцарела, бекон, помідори, перець солодкий, цибуля маринована, ","ua"
"163","SANDRO ","name serves","152","450/75,00","Pomodori pelati, mozzarella, proscuito afumicatto, zipollo, pomodori.","it"
"163","SANDRO ","name serves","152","450/75,00","Tomato sauce, mozzarella cheese, becon, marinated onion, sweet peper","en"
"164","ДЖЕНОВЕЗЕ ","name serves","152","400/82,00","Помідорний соус, сир моцарелла, шпинат, яйця, шинка","ua"
"164","GENOVESE ","name serves","152","400/82,00","Pomodori pelati, mozzarella, uova, spinaci e origano.","it"
"164","GENOVESE ","name serves","152","400/82,00","Tomato sauce, mozzarella cheese, spinach, eggs, ham and oregano.   ","en"
"165","СІЦІЛІЙСЬКА ","name serves","152","370/79,00","Помідорний соус, сир моцарелла, анчоуси, маслини, каперси, орегано","ua"
"165","SICILIANA ","name serves","152","370/79,00","Pomodori pelati, mozzarella, acciughe, olive nere, capperi e origano.","it"
"165","SICILIANA ","name serves","152","370/79,00","Tomato sauce, mozzarella cheese, anchovies, olives, capers and oregano.","en"
"166","КАПРІЧОЗА ","name serves","152","435/85,00","Помідорний соус, сир моцарелла, шинка, артишоки, салямі, печериці, орегано","ua"
"166","CAPRICCIOSA ","name serves","152","435/85,00","Pomodori pelati, mozzarella, prosciutto cotto, carciofi, salame e origano.","it"
"166","CAPRICCIOSA ","name serves","152","435/85,00","Tomato sauce, mozzarella cheese, ham, artichokes, salami,mushrooms and oregano.","en"
"167","ЧОТИРИ СЕЗОНИ ","name serves","152","420/71,00","Помідорний соус, сир моцарелла, шинка, артишоки, маслини, печериці, орегано","ua"
"167","4 STAGIONI ","name serves","152","420/71,00","Pomodoro pelati, Mozzarella, prosciutto cotto, carciofi, olive e origano.","it"
"167","4 SEASONS","name serves","152","420/71,00","Tomato sauce, mozzarella cheese, ham, artichokes, olives,mushrooms, and oregano.","en"
"168","ЧОТИРИ сира ","name serves","152","420/110,00","Помідорний соус, сир моцарелла, рокфор, пармезан, едам","ua"
"168","4 FORMAGGI","name serves","152","420/110,00","Pomodori pelati, mozzarella, rokfort, parmigiano e edam. ","it"
"168","4  CHEESE","name serves","152","420/110,00","Tomato sauce, mozzarella cheese, parmesan, edam cheese, rokfort cheese and oregano.","en"
"169","РЕ ","name serves","152","395/69,00","Помідорний соус, сир моцарелла, філе телятини, орегано","ua"
"169","RE ","name serves","152","395/69,00","Pelati, mozzarella, filetto di vitello e origano.","it"
"169","RE ","name serves","152","395/69,00","Tomato sauce, mozzarella cheese, veal fillet and oregano.","en"
"170","КОКОРИТА ","name serves","152","400/61,00","Помідорний соус, сир моцарелла, куряча грудинка, кукурудза, червона квасоля, орегано","ua"
"170","COCORITA ","name serves","152","400/61,00","Pomodori pelati, mozzarella, petto di pollo, mais, fagioli rossi e origano.","it"
"170","COCORITA ","name serves","152","400/61,00","Tomato sauce, mozzarella cheese, chicken fillet, sweet corn, red beans and oregano.","en"
"171","ПРИНЦЕСА ","name serves","152","395/69,00","Вершки, сир моцарелла, перепелині яйця та куряча грудинка","ua"
"171","PRINCIPESSA ","name serves","152","395/69,00","Panna, mozzarella, uova di quaglia, petto di pollo e origano.","it"
"171","PRINCIPESSA ","name serves","152","395/69,00","Cream, mozzarella cheese, quails eggs, chicken fillet and oregano.     ","en"
"172","ПРОШУТО ","name serves","152","365/59,00","Помідорний соус, сир моцарелла,  шинка, орегано","ua"
"172","PROSCIUTTO ","name serves","152","365/59,00","Pomodori pelati, mozzarella, prosciutto cotto e origano.","it"
"172","PROSCIUTTO ","name serves","152","365/59,00","Tomato sauce, mozzarella cheese, ham and oregano.","en"
"173","ФУНГІ ","name serves","152","380/57,00","Помідорний соус, сир моцарелла, печериці, орегано","ua"
"173","FUNGI ","name serves","152","380/57,00","Pomodori pelati, mozzarella, funghi, e origano.","it"
"173","FUNGI ","name serves","152","380/57,00","Tomato sauce, mozzarella cheese, mushrooms and oregano.","en"
"174","ФРУТТЕ ДІ МАРЕ ","name serves","152","450/110,00","Помідорний соус, моцарелла, креветки, мідії, кальмари","ua"
"174","FRUTTI DI MARE ","name serves","152","450/110,00","Pomodori pelati, mozzarella, gamberetti, cozze e calamari.","it"
"174","FRUTTI DI MARE ","name serves","152","450/110,00","Tomato sauce, mozzarella cheese, prawns,mussels, squids and oregano","en"
"175","ФОКАЧЧО ді РЕККО ","name serves","152","400/55,00","Біла закрита піца, в середині якої – сир «Рікотта» та вершки","ua"
"175","FOCACCIA di RECCO  ","name serves","152","400/55,00","Riccotta,  mozzarella.","it"
"175","FOCACCIA di RECCO  ","name serves","152","400/55,00","A typical Focaccia with stracchino, mozarella cheese and oregano","en"
"176","АЛЬ ТОННО ","name serves","152","450/60,00","Помідорний соус, моцарелла, тунець конс., цибуля","ua"
"176","AL TONNO ","name serves","152","450/60,00","Pomodori pelati, mozzarella, tonno","it"
"176","AL TONNO ","name serves","152","450/60,00","Tomato sauce, mozzarella cheese, tuna fish","en"
"177","ФОКАЧЧО З СИРОМ ","name serves","152","220/35,00","Італійський хлібець з сиром, орегано","ua"
"177","FOCACCIA con formaggio ","name serves","152","220/35,00","Impasto detta pizza con otio, mozzarella e origano.","it"
"177","Focaccia with cheese","name serves","152","220/35,00","Focaccia with mozzarella cheese and oregano","en"
"178","КАЛЬЦОНЕ","menu item","0",,"грам/гривна","ua"
"178","CALZONI","menu item","0",,"g./uah","it"
"178","Calzoni","menu item","0",,"g./uah","en"
"179","Кальцоне Порчеліна ","name serves","178","460/89,00","Помідорний соус, сир моцарелла, печериці, салямі, фермерські ковбаски, шинка, орегано","ua"
"179","Calzone Porcellino ","name serves","178","460/89,00","Pomodori pelati, mozzarella, funghi, salame, salsiccia, prosciutto cotto e origano.","it"
"179","Calzone Porcellino ","name serves","178","460/89,00","Tomato sauce, mozzarella cheese, mushrooms, salami, sausages, ham and oregano.","en"
"180","Кальцоне Прошутто","name serves","178","400/67,00","фунги Помідорний соус, сир моцарелла, печериці, шинка, орегано","ua"
"180","Calzone prosciutto","name serves","178","400/67,00","funghi Pomodori pelati, mozzarella, funghi, prosciutto cotto e origano","it"
"180","Calzone prosciutto","name serves","178","400/67,00","Tomato sauce, mozzarella cheese, mushrooms, ham and oregano.","en"
"181","Кальцоне Вегетаріанська ","name serves","178","500/95,00","Помідорний соус, сир моцарелла, баклажани, цукіні, печериці, помідори, орегано","ua"
"181","Calzone Vegetariano ","name serves","178","500/95,00","Pomodori pelati, mozzarella, melanzane, zucchine, funghi, pomodorini e origano.","it"
"181","Calzone Vegetariano ","name serves","178","500/95,00","Tomato sauce, mozzarella cheese, aubergines, zucchini mushrooms,tomatoes and oregano.","en"
"182","Кальцоне Принцесса ","name serves","178","400/69,00","Вершки, сир моцарелла, перепелині яйця та куряча грудинка","ua"
"182","Calzone Principessa  ","name serves","178","400/69,00","Panna, mozzarella, uova di quaglia, petto di pollò e origano.","it"
"182","Calzone Principessa  ","name serves","178","400/69,00","Cream, mozzarella cheese, quails eggs and chicken fillet and oregano.","en"
"183","Кальцоне Дженовезе ","name serves","178","400/82,00","Помідорний соус, сир моцарелла, шпінат, яйця, шинка","ua"
"183","Calzone Gevonese ","name serves","178","400/82,00","Pomodori pelati, mozzarella, uova, spinaci e origano.","it"
"183","Calzone Gevonese ","name serves","178","400/82,00","Tomato sauce, mozzarella cheese, spinach, eggs, ham and oregano.","en"
"184","Ви також можете приготувати піцу за своїм смаком: ","menu item","0",,"грам/гривна","ua"
"184"," A vosto piacere potete richiedere laggiunta dei seguenti ingredienti","menu item","0",,"g./uah","it"
"184","You can also add extra toppings if you like…","menu item","0",,"g./uah","en"
"185","Кукурудза ","name serves","184","40/12,00",,"ua"
"185","Mais ","name serves","184","40/12,00",,"it"
"185","Sweet corn","name serves","184","40/12,00",,"en"
"186","Цибуля ","name serves","184","30/8,00",,"ua"
"186","Cipolla ","name serves","184","30/8,00",,"it"
"186","Onion","name serves","184","30/8,00",,"en"
"187","Печериці ","name serves","184","70/18,00",,"ua"
"187","Funghi ","name serves","184","70/18,00",,"it"
"187","Mushrooms","name serves","184","70/18,00",,"en"
"188","Сир Моцарела ","name serves","184","30/18,00",,"ua"
"188","Mozzarela","name serves","184","30/18,00",,"it"
"188","Mozzarela","name serves","184","30/18,00",,"en"
"189","Тунець у власному соку ","name serves","184","30/21,00",,"ua"
"189","Tonno peshe","name serves","184","30/21,00",,"it"
"189","tuna fish","name serves","184","30/21,00",,"en"
"190","Шинка ","name serves","184","40/17,00",,"ua"
"190","Prochiutto cotto ","name serves","184","40/17,00",,"it"
"190","Ham","name serves","184","40/17,00",,"en"
"191","Салямі ","name serves","184","25/18,00",,"ua"
"191","Salame ","name serves","184","25/18,00",,"it"
"191","Salami","name serves","184","25/18,00",,"en"
"192","Анчоуси ","name serves","184","15/35,00",,"ua"
"192","Anchovies ","name serves","184","15/35,00",,"it"
"192","Acciughe","name serves","184","15/35,00",,"en"
"193","Каперси ","name serves","184","10/18,00",,"ua"
"193","Capperi ","name serves","184","10/18,00",,"it"
"193","Capers","name serves","184","10/18,00",,"en"
"194","Артишоки ","name serves","184","20/21,00",,"ua"
"194","Carciofi ","name serves","184","20/21,00",,"it"
"194","Artichokes","name serves","184","20/21,00",,"en"
"195","Помідори ","name serves","184","100/18,00",,"ua"
"195","Pomodori ","name serves","184","100/18,00",,"it"
"195","Tomatoes","name serves","184","100/18,00",,"en"
"196","Баклажани ","name serves","184","30/18,00",,"ua"
"196","Melanzane ","name serves","184","30/18,00",,"it"
"196","Aubergines","name serves","184","30/18,00",,"en"
"197","Курка ","name serves","184","60/21,00",,"ua"
"197","Pollo ","name serves","184","60/21,00",,"it"
"197","Chicken","name serves","184","60/21,00",,"en"
"198","Філе телятини ","name serves","184","70/38,00",,"ua"
"198","Filetto di vitello ","name serves","184","70/38,00",,"it"
"198","Veal fillet","name serves","184","70/38,00",,"en"
"199","Ананас ","name serves","184","35/16,00",,"ua"
"199","Ananas ","name serves","184","35/16,00",,"it"
"199","Pineapple","name serves","184","35/16,00",,"en"
"200","Маслини чи Оливки ","name serves","184","50/14,00",,"ua"
"200","Olive nere o Verdi  ","name serves","184","50/14,00",,"it"
"200","Green or black olives","name serves","184","50/14,00",,"en"
"201","Яйце куряче ","name serves","184","1шт/6,00",,"ua"
"201","Uovo di pollo ","name serves","184","1шт/6,00",,"it"
"201","Chicken egg","name serves","184","1шт/6,00",,"en"
"202","Яйце перепелине ","name serves","184","2шт/6,00",,"ua"
"202","Uovo di quaglia ","name serves","184","2шт/6,00",,"it"
"202","Quals eggs","name serves","184","2шт/6,00",,"en"
"203","Цукіні ","name serves","184","30/18,00",,"ua"
"203","Zucchini ","name serves","184","30/18,00",,"it"
"203","Zucchini","name serves","184","30/18,00",,"en"
"204","Болгарський перець ","name serves","184","30/18,00",,"ua"
"204","Peperoni ","name serves","184","30/18,00",,"it"
"204","Sweet peppers","name serves","184","30/18,00",,"en"
"205","Сир Рокфор ","name serves","184","30/38,00",,"ua"
"205","Rokfor formagio ","name serves","184","30/18,00",,"it"
"205","Rockfort cheeze","name serves","184","30/18,00",,"en"
"206","Ковбаски Фермерські ","name serves","184","30/18,00",,"ua"
"206","Salsiccia di campagnia ","name serves","184","30/18,00",,"it"
"206","Farm Sausage","name serves","184","30/18,00",,"en"
"207","Кальмари ","name serves","184","40/21,00",,"ua"
"207","Calamari  ","name serves","184","40/21,00",,"it"
"207","Squids","name serves","184","40/21,00",,"en"
"208","Прошуто крудо ","name serves","184","50/42,00",,"ua"
"208","Prosciuto crudo ","name serves","184","50/42,00",,"it"
"208","Prosciuto crudo","name serves","184","50/42,00",,"en"
"209","Креветки коктейльні  ","name serves","184","30/25,00",,"ua"
"209","Gamberetti  ","name serves","184","30/25,00",,"it"
"209","Shrimps","name serves","184","30/25,00",,"en"
"210","Шпінат ","name serves","184","50/18,00",,"ua"
"210","Scpinaci","name serves","184","50/18,00",,"it"
"210","Scpinaci","name serves","184","50/18,00",,"en"
"211","Гострий перець ","name serves","184","5/12,00",,"ua"
"211","chilli pepper","name serves","184","5/12,00",,"it"
"211","chilli pepper","name serves","184","5/12,00",,"en"
"212","Вершкова база ","name serves","184","320/48,00",,"ua"
"212","Basa con panna","name serves","184","320/48,00",,"it"
"212","Cream base","name serves","184","320/48,00",,"en"
"213","База з соусом Помідоро ","name serves","184","320/45,00",,"ua"
"213","Basa con suco di pomodoro","name serves","184","320/45,00",,"it"
"213","Base of Tomato sauce ","name serves","184","320/45,00",,"en"
"214","Коробка пакувальна для піци","name serves","184","1шт/10,00",,"ua"
"214","Pizza box","name serves","184","1шт/10,00",,"en"
"215","Коробка пакувальна для ланч","name serves","184","1шт/7,00",,"ua"
"215","Lunch box","name serves","184","1шт/7,00",,"en"
"216","КАВА ТА КАВОВІ НАПОЇ","menu item","0",,"Об'єм мл./гривна","ua"
"217","Еспресо ","name serves","216","40/15,00",,"ua"
"218","Кава без кофеїну ","name serves","216","50/18,00",,"ua"
"219","Еспресо з молоком ","name serves","216","50/18,00",,"ua"
"220","Рестрето","name serves","216","20/15,00",,"ua"
"221","Американо","name serves","216","150/15,00",,"ua"
"222","Латте Макіатто","name serves","216","150/20,00",,"ua"
"223","Капучіно ","name serves","216","150/20,00",,"ua"
"224","Кава по Віденському ","name serves","216","150/23,00",,"ua"
"225","Кава маккіато зі збитим молоком ","name serves","216","40/18,00",,"ua"
"226","Айріш Кофі(кава по Ірландському)","name serves","216","110/36,00",,"ua"
"227","Крім Кафе(кава з Бейліс та молочною піною)","name serves","216","105/31,00",,"ua"
"228","Роял Кафе(кава з коньяком та шоколадом)","name serves","216","85/34,00",,"ua"
"229","КАВОВА ПРОХОЛОДА","menu item","0",,"Об'єм мл./гривна","ua"
"230","Айс крім кафе(кава з морозивом та вершками)","name serves","229","230/36,00",,"ua"
"231","Карамеліта (шейк з молоком)","name serves","229","230/25,00",,"ua"
"232","Кава глясе Ванільне морозиво, кава","name serves","229","250/25,00",,"ua"
"233","Кава  фраппе Охолоджена кава, молоко, цукор","name serves","229","200/24,00",,"ua"
"234","Чоколатта (шейк з молоком та шоколадом)","name serves","229","230/25,00",,"ua"
"235","ЧАЙ ЗАВАРНИЙ","menu item","0",,"Об'єм мл./гривна","ua"
"236","В ассортименті","name serves","235","200/25,00",,"ua"
"237","ДО КАВИ ТА ЧАЮ","menu item","0",,"Об'єм мл./гривна","ua"
"238","Мед ","name serves","236","15/6,00",,"ua"
"239","Молоко","name serves","236","50/3,00",,"ua"
"240","Джем","name serves","236","50/12,00",,"ua"
"241","Вершки порційні ","name serves","236","10/2,50",,"ua"
"242","ФРЕШ","menu item","0",,"Об'єм мл./гривна","ua"
"243","Фреш з лимону ","name serves","242","250/45,00",,"ua"
"244","Фреш з апельсину ","name serves","242","250/40,00",,"ua"
"245","Фреш з грейпфруту ","name serves","242","250/40,00",,"ua"
"246","Фреш з апельсину та грейпфруту ","name serves","242","250/40,00",,"ua"
"247","Фреш з яблука","name serves","242","250/40,00",,"ua"
"248","Фреш з моркви ","name serves","242","250/40,00",,"ua"
"249","Фреш з яблука та моркви ","name serves","242","250/40,00",,"ua"
"250","СІК","menu item","0",,"Об'єм мл./гривна","ua"
"251","«Апельсин»","name serves","250","250/10,00",,"ua"
"252","«Грейпфрут»","name serves","250","250/10,00",,"ua"
"253","«Білий виноград»","name serves","250","250/10,00",,"ua"
"254","«Яблуко»","name serves","250","250/10,00",,"ua"
"255","«Вишня»","name serves","250","250/10,00",,"ua"
"256","«Мультівітамін»","name serves","250","250/10,00",,"ua"
"257","«Персиковий»","name serves","250","250/10,00",,"ua"
"258","«Томатний»","name serves","250","250/10,00",,"ua"
"259","«Ананас»","name serves","250","250/10,00",,"ua"
"260","ПРОХОЛОДЖУЮЧІ  НАПОЇ","menu item","0",,"Об'єм мл./гривна","ua"
"261","Nestea освіжаючий чай зі смаком лимону","name serves","260","500/20,00",,"ua"
"262","Nestea освіжаючий чай зі смаком персику","name serves","260","500/20,00",,"ua"
"263","Nestea освіжаючий лісова ягода","name serves","260","500/20,00",,"ua"
"264","Кока-кола ","name serves","260","250/14,00",,"ua"
"265","Кока-кола лайт ","name serves","260","250/14,00",,"ua"
"266","Спрайт ","name serves","260","250/14,00",,"ua"
"267","Фанта ","name serves","260","250/14,00",,"ua"
"268","Тонік Швепс  ","name serves","260","250/12,00",,"ua"
"269","“Бьорн” енергетичний напій ","name serves","260","250/25,00",,"ua"
"270","МІНЕРАЛЬНА ВОДА","menu item","0",,"Об'єм мл./гривна","ua"
"271","Мінеральна вода “Бонаква” з газом ","name serves","270","250/16,00",,"ua"
"272","Мінеральна вода “Бонаква” без газу ","name serves","270","250/16,00",,"ua"
"273","Мінеральна вода “Нарзан” ","name serves","270","330/25,00",,"ua"
"274","Мінеральна вода “Евіан” без газу","name serves","270","330/35,00",,"ua"
"275","БЕЗАЛКОГОЛЬНІ КОКТЕЙЛІ","menu item","0",,"Об'єм мл./гривна","ua"
"276","Безалкогольний глінтвейн","name serves","275","200/30,00","Каркаде, сироп з шипшини, имбір, кардамон, лимон","ua"
"277","Сонячний рай","name serves","275","200/21,00","Ананасовий сік, молоко, гренадін","ua"
"278","Мохіто","name serves","275","260/39,00","М`ята, за Вашим побажанням або спрайт або тонік або бонаква, лайм, корич.  Цукор","ua"
"279","Чоко-Тата гарячий шоколад","name serves","275","90/20,00","Шоколад, вершки","ua"
"280","Молочний коктейль","name serves","275","260/25,00","Морозиво, молоко, вершки, гренадін","ua"
"281","ПИВО","menu item","0",,"Об'єм мл./гривна","ua"
"282","Черніговське Світле","name serves","281","500/25,00",,"ua"
"283","Черніговське Світле","name serves","281","300/16,00",,"ua"
"284","Стелла-Артуа","name serves","281","500/25,00",,"ua"
"285","Стелла-Артуа","name serves","281","300/16,00",,"ua"
"286","Hoegaarden White","name serves","281","500/35,00",,"ua"
"287","Hoegaarden White","name serves","281","300/21,00",,"ua"
"288","Leffe Brune","name serves","281","300/24,00",,"ua"
"289","ПИВО В ПЛЯШКАХ","menu item","0",,"Об'єм мл./гривна","ua"
"290","Балтіка  безалкогольне","name serves","289","500/28,00",,"ua"
"291","КОКТЕЙЛІ ЗІГРІВАЮЧІ","menu item","0",,"Об'єм мл./гривна","ua"
"292","Глінтвейн ","name serves","290","200/32,00",,"ua"
"293","Грог ","name serves","290","200/40,00",,"ua"
"294","КОКТЕЙЛІ","menu item","0",,"Об'єм мл./гривна","ua"
"295","Чоко-Тата Гарячий шоколад","name serves","294","90/31,00","Шоколад, вершки, ром чи Бейліз на Ваш вибір","ua"
"296","Кривава Мері ","name serves","294","250/25,00","Горілка, томатний сік, ворчестер, табаско, сельдереєва сіль","ua"
"297","Текла Санрайз ","name serves","294","200/51,00","Текла, апельсиновий сік, гренадін","ua"
"298","Блакитна Лагуна","name serves","294","375/40,00","Водка, блю Кюрасао, спрайт, лимонний фреш","ua"
"299","Лонг Айленд айс ти","name serves","294","300/95,00","Джин, ром, текіла, водка, куантро, лимонний фреш, кока-кола","ua"
"300","Джангл Джус","name serves","294","250/84,00","Джин, лікер Пізанг, сік апельсиновий","ua"
"301","Махіто","name serves","294","340/73,00","Ром, лайм, м’ята, ц`укор тросніковий, бонаква газ., або тонік, або спрайт ","ua"
"302","Маргарита ","name serves","294","140/84,00","Текіла, тріпл сек., лимонний фреш","ua"
"303","Дайкірі ","name serves","294","100/37,00","Білий ром, лимонний фреш, цукровий сироп","ua"
"304","Піна-колада ","name serves","294","200/38,00","Білий ром, малібу, молоко, ананасовий сік","ua"
"305","Чі-чі ","name serves","294","200/27,00","Горілка, малібу, ананасовий сік","ua"
"306","Іржавий цвях ","name serves","294","60/46,00","Балантайз, тріпл сек","ua"
"307","Манхетен ","name serves","294","75/60,00","Балантайз, мартіні россо, кампарі","ua"
"308","Рандеву ","name serves","294","200/59,00","Мартіні бьянко, тріпл сек, вишневий або ананасовий сік","ua"
"309","Негроні ","name serves","294","75/59,00","Кампарі, джин, мартіні россо","ua"
"310","Амерікано ","name serves","294","200/61,00","Кампарі, мартіні россо, мінеральна вода","ua"
"311","Чорний росіянин ","name serves","294","100/38,00","Горілка, калуа","ua"
"312","Олександр Бейліз ","name serves","294","100/50,00","Коньяк “Старий Кахеті”, калуа, бейліз","ua"
"313","Камікадзе ","name serves","294","100/35,00","Горілка, тріпл сек, лимонний фреш","ua"
"314","Викрутка ","name serves","294","200/19,00","Горілка, сік ","ua"
"315","Джин/тонік ","name serves","294","200/44,00",,"ua"
"316","Джин/фіз. ","name serves","294","200/46,00","Джин, лимонний фреш, спрайт, цукор ","ua"
"317","Віскі/кола ","name serves","294","200/45,00","Балантайз, кока-кола","ua"
"318","Ром/кола ","name serves","294","200/45,00","Бакарді блек, кока-кола","ua"
"319","Кампарі/сік ","name serves","294","200/50,00",,"ua"
"320","Кампарі/тонік ","name serves","294","200/55,00",,"ua"
"321","Мартіні/сік ","name serves","294","200/35,00","Мартіні россо або бьянко, апельсиновий сік","ua"
"322","Мартіні/тонік ","name serves","294","200/40,00",,"ua"
"323","Б-52 ","name serves","294","45/41,00","Калуа, бейліз, куантро","ua"
"324","Мавп`ячий мозок ","name serves","294","55/37,00","Калуа, куантро, горілка, бейліз","ua"
"325","Зелений Мексиканець","name serves","294","50/40,00","Лікер Пізанг, лимонний фреш, текіла","ua"
"326","К.Б.К. ","name serves","294","55/33,00","Калуа, бейліз, коньяк “Старий Кахеті”","ua"
"327","Відкоркування пляшки","menu item","0",,"Об'єм мл./гривна","ua"
"328","Apertura","name serves","327","1 шт. /77,00",,"ua"
"329","Corcage","name serves","327","1 шт. /77,00",,"ua"
"330","ВИНА УКРАЇНИ","menu item","0",,"Об'єм мл./за пляшку/за 100мл./50мл.","ua"
"331","Піно-Фран / чр.сухе / Коктебель ","name serves","330","750/135,00/18,00/9,00",,"ua"
"332","Аліготе / біл.сухе./Бахчисарай ","name serves","330","750/135,00/18,00/9,00",,"ua"
"333","Мускат Феодосійський/дес.біле/Крим ","name serves","330","750/150,00/20,00/10,00",,"ua"
"334","Кримське /біле нап.сол /Крим ","name serves","330","750/150,00/20,00/10,00",,"ua"
"335","Шардоне Кримське/біле нап.сол./ Крим ","name serves","330","750/150,00/20,00/10,00",,"ua"
"336","Кримське Червоне /нап.сол. /Крим ","name serves","330","750/150,00/20,00/10,00",,"ua"
"337","Каберне /сух черв./ Крим ","name serves","330","750/150,00/20,00/10,00",,"ua"
"338","ВИНА ГРУЗІЇ (КАРТУЛІ ВАЗІ)","menu item","0",,"Об'єм мл./за пляшку/за 100мл./50мл.","ua"
"339","Алазанська долина /б.нап.сол/ ","name serves","338","750/255,00/34,00/17,00",,"ua"
"340","Алазанська долина /ч.нап.сол/ ","name serves","338","750/270,00/36,00/18,00",,"ua"
"341","Кіндзмараулі/ч.нап.сол./","name serves","338","750/525,00",,"ua"
"342","Мукузані /чер.сух/","name serves","338","750/330,00",,"ua"
"343","Піросмані /чер нап.сух/ ","name serves","338","750/315,00",,"ua"
"344","Сапераві /чер.сух/ ","name serves","338","750/255,00/34,00/17,00",,"ua"
"345","Твиши /біл.нап.сол/","name serves","338","750/420,00",,"ua"
"346","Хванчкара /чер.нап.сол/ ","name serves","338","750/495,00",,"ua"
"347","Цинандали /біл.сух/","name serves","338","750/255,00/34,00/17,00",,"ua"
"348","ВИНА ІТАЛІЇ","menu item","0",,"Об'єм мл./за пляшку/за 100мл./50мл.","ua"
"349","Соаве ДОКСарторі біле сухе","name serves","348","750/330,00/44,00/22,00",,"ua"
"350","Піно Гріджіо  Віла Мура нпсл біле ","name serves","348","750/390,00",,"ua"
"351","Кьянті ДОК Костеліна Пічіні чр сухе","name serves","348","750/390,00",,"ua"
"352","Дольчето Д`асті ДОК Спероне чр сух","name serves","348","750/420,00",,"ua"
"353","Бардоліно ДОК Сарторі чер сухе ","name serves","348","750/390,00/52,00/26,00",,"ua"
"354","Монтепульчіано д`обруццо Док чр сх","name serves","348","750/420,00",,"ua"
"355","Італійське ","name serves","348","- / - /25,00/12,50","столове вино по-домашньому червоне сухе","ua"
"356","Італійське ","name serves","348","- / - /25,00/12,50","столове вино по-домашньому біле сухе","ua"
"357","ШАМПАНЬСКЕ","menu item","0",,"Об'єм мл./за пляшку/за 100мл./50мл.","ua"
"358","Шампаньске „Крим” напівсухе ","name serves","357","750/195,00",,"ua"
"359","Шампаньске „Совєтскоє” напівсолодке /КЗШВ/ ","name serves","357","750/105,00",,"ua"
"360","Вино ігристе «Ламбруско Вісконті» біле напівсолодке","name serves","357","750/330,00",,"ua"
"361","АПЕРЕТИВ","menu item","0",,"Об'єм мл./за пляшку/за 100мл./50мл.","ua"
"362","Мартіні Біанко ","name serves","361","1000/680,00/68,00/34,00",,"ua"
"363","Мартіні Россо ","name serves","361","1000/680,00/68,00/34,00",,"ua"
"364","Кампарі ","name serves","361","500/450,00/90,00/45,00",,"ua"
"365","РОМ","menu item","0",,"Об'єм мл./за пляшку/за 100мл./50мл.","ua"
"366","Малібу ","name serves","365","750/615,00/82,00/41,00",,"ua"
"367","Бакарді Блек ","name serves","365","1000/900,00/90,00/45,00",,"ua"
"368","Бакарді Вайт ","name serves","365","1000/900,00/90,00/45,00",,"ua"
"369","ВІСКІ","menu item","0",,"Об'єм мл./за пляшку/за 100мл./50мл.","ua"
"370","Джек Деніелс ","name serves","369","750/795,00/106,00/53,00",,"ua"
"371","Ред Лебл ","name serves","369","1000/1100,00/110,00/55,00",,"ua"
"372","Блек Лабл","name serves","369","1000/1200,00/120,00/60,00",,"ua"
"373","Чівас Регал ","name serves","369","1000/1920,00/192,00/96,00",,"ua"
"374","Балантайз","name serves","369","1000/900,00/90,00/45,00",,"ua"
"375","ДЖИН","menu item","0",,"Об'єм мл./за пляшку/за 100мл./50мл.","ua"
"376","Біфітер","name serves","375","1000/700,00/70,00/35,00",,"ua"
"377","КОНЬЯК","menu item","0",,"Об'єм мл./за пляшку/за 100мл./50мл.","ua"
"378","Сараджишвілі***","name serves","377","500/260,00/52,00/26,00",,"ua"
"379","Сараджишвілі*****","name serves","377","500/300,00/60,00/30,00",,"ua"
"380","Сараджишвілі V.S","name serves","377","500/390,00/78,00/39,00",,"ua"
"381","Мартель V.S.O.P","name serves","377","700/1400,00/200,00/100,00",,"ua"
"382","Мартель V.S ","name serves","377","500/600,00/120,00/60,00",,"ua"
"383","Коктебель КВ 7 років витримки ","name serves","377","500/420,00/84,00/42,00",,"ua"
"384","Закарпатський ","name serves","377","500/230,00/46,00/23,00",,"ua"
"385","ГОРІЛКА","menu item","0",,"Об'єм мл./за пляшку/за 100мл./50мл.","ua"
"386","«Королівский» Медофф","name serves","385","500/90,00/18,00/9,00",,"ua"
"387","«Українська медова з перцем» Nemiroff","name serves","385","700/168,00/24,00/12,00",,"ua"
"388","«Пшенична» Nemiroff","name serves","385","700/168,00/24,00/12,00",,"ua"
"389"," «Особлива» Nemiroff","name serves","385","700/168,00/24,00/12,00",,"ua"
"390","“Хортиця” Класична","name serves","385","700/168,00/24,00/12,00",,"ua"
"391","“Хортиця” срібляста прохолода","name serves","385","700/140,00/24,00/12,00",,"ua"
"392","“Хортиця” Платінум","name serves","385","700/140,00/24,00/12,00",,"ua"
"393"," «Преміум» Nemiroff","name serves","385","700/252,00/36,00/18,00",,"ua"
"394","„Хортиця”VIP CLUB","name serves","385","700/336,00/48,00/24,00",,"ua"
"395"," «LEXX» Nemiroff ","name serves","385","700/504,00/72,00/36,00",,"ua"
"396","НАСТОЯНКИ","menu item","0",,"Об'єм мл./за пляшку/за 100мл./50мл.","ua"
"397","Абсент «Ксента»  анісова настоянка ","name serves","396","700/658,00/94,00/47,00",,"ua"
"398","«Бехеровка»  чеська настоянка ","name serves","396","1000/540,00/70,00/35,00",,"ua"
"399","ТЕКІЛА","menu item","0",,"Об'єм мл./за пляшку/за 100мл./50мл.","ua"
"400","Сауза Бланко","name serves","399","1000/800,00/80,00/40,00",,"ua"
"401","ЛІКЕР","menu item","0",,"Об'єм мл./за пляшку/за 100мл./50мл.","ua"
"402","Віноградн. Грапа Александер  /Дистильована паром/","name serves","401","1000/900,00/90,00/45,00",,"ua"
"403","Лімончелло","name serves","401","700/630,00/90,00/45,00",,"ua"
"404","Куантро","name serves","401","700/616,00/88,00/44,00",,"ua"
"405","Бейлиз","name serves","401","1000/900,00/90,00/45,00",,"ua"
"406","Самбука","name serves","401","700/630,00/90,00/45,00",,"ua"
"407","Калуа","name serves","401","700/560,00/80,00/40,00",,"ua"
"408","Тріпл Сек Марі Бризар ","name serves","401","700/686,00/98,00/49,00",,"ua"